line_id,character,title,dialog,cathy,tanav,yifan,topic,notes
1,Sweetie Belle,28 Pranks Later,We wanna hit every house in Ponyville!,Friendship & Relationships,Friendship & Relationships,Friendship & Relationships,Friendship & Relationships,CMC group activity planning
2,Sweetie Belle,28 Pranks Later,Hmm. The sewing machine cake is actually better than the cake cake.,Food & Drink,Food & Drink,Food & Drink,Food & Drink,Comparing taste of cakes
3,Sweetie Belle,28 Pranks Later,What happened to all of our friends?,Identity & Personal Growth,Friendship & Relationships,Friendship & Relationships,Friendship & Relationships,Concern about friends
4,Sweetie Belle,Appleoosa's Most Wanted,I thought we weren't going to wander off again.,Authority & Leadership,Friendship & Relationships,Friendship & Relationships,Friendship & Relationships,Reminding friends of agreement
5,Sweetie Belle,Appleoosa's Most Wanted,It's actually kind of sweet of him to help us out like this.,Friendship & Relationships,Authority & Leadership,Friendship & Relationships,Friendship & Relationships,Appreciating someone's help
6,Sweetie Belle,Appleoosa's Most Wanted,"Come on, we've gone far enough! It's time to go back!",Authority & Leadership,Friendship & Relationships,Friendship & Relationships,Friendship & Relationships,Urging friends to return
7,Sweetie Belle,Appleoosa's Most Wanted,Poor Trouble Shoes. I can't believe those mean judges would laugh at him like that.,Friendship & Relationships,Friendship & Relationships,Friendship & Relationships,Friendship & Relationships,Empathy for another's mistreatment
8,Sweetie Belle,Appleoosa's Most Wanted,That all depends on how you look at it.,Friendship & Relationships,Identity & Personal Growth,Identity & Personal Growth,Identity & Personal Growth,Philosophical perspective on situation
9,Sweetie Belle,Appleoosa's Most Wanted,"I don't know... All these events look a little, well, dangerous.",Food & Drink,Friendship & Relationships,Friendship & Relationships,Friendship & Relationships,Expressing concern for safety
10,Sweetie Belle,Appleoosa's Most Wanted,But he never wanted to ruin any rodeos! Those were just bad accidents!,Nature & Animals,Authority & Leadership,Friendship & Relationships,Friendship & Relationships,Defending someone misunderstood
11,Sweetie Belle,Bloom & Gloom,But maybe we'll see you later.,Friendship & Relationships,Identity & Personal Growth,Friendship & Relationships,Friendship & Relationships,Casual goodbye to friend
12,Sweetie Belle,Bloom & Gloom,It's lucky we're all scared of the same things. That way we can help and remind each other to just be who we are!,Authority & Leadership,Identity & Personal Growth,Identity & Personal Growth,Identity & Personal Growth,Reflection on shared fears and being authentic
13,Sweetie Belle,Bloom & Gloom,"I'm glad she's happy, but I sure wouldn't want to be up to my flank in mane hair all day. Can you imagine getting stuck with a cutie mark you didn't like?",Authority & Leadership,Identity & Personal Growth,Identity & Personal Growth,Identity & Personal Growth,Contemplating unwanted identity/destiny
14,Sweetie Belle,Bloom & Gloom,"Um, yeah... the thing is...","History, Lore, & Magic",Friendship & Relationships,Friendship & Relationships,Friendship & Relationships,Hesitant response to friend
15,Sweetie Belle,Bloom & Gloom,And we certainly don't have time to hang out at an old clubhouse.,Identity & Personal Growth,Food & Drink,Identity & Personal Growth,Identity & Personal Growth,Attitude shift about growing up
16,Sweetie Belle,Bloom & Gloom,"Yeah. Apple Bloom, what's this all about?","History, Lore, & Magic",Friendship & Relationships,Friendship & Relationships,Friendship & Relationships,Concern for friend's behavior
17,Sweetie Belle,Brotherhooves Social,Pretty great they're letting you participate even though you're not technically sisters.,Identity & Personal Growth,Friendship & Relationships,Friendship & Relationships,Friendship & Relationships,Comment on sibling relationship rules
18,Sweetie Belle,Brotherhooves Social,"It's sweet he wants to help you out like this. Weird, but sweet.",Friendship & Relationships,Friendship & Relationships,Friendship & Relationships,Friendship & Relationships,Appreciating family support
19,Sweetie Belle,Brotherhooves Social,"Hey, Apple Bloom, the Social's gonna start in a few hours. Thought you might want to go with us.",Friendship & Relationships,"History, Lore, & Magic",Friendship & Relationships,Friendship & Relationships,Inviting friend to event
20,Sweetie Belle,Brotherhooves Social,"That's awful nice of you to say, cousin Orchard Blossom! I've been told before I'm pretty observant.",Friendship & Relationships,Identity & Personal Growth,Identity & Personal Growth,Identity & Personal Growth,Accepting compliment about self
21,Sweetie Belle,Call of the Cutie,"No, it means she's full of potential.",Friendship & Relationships,Authority & Leadership,Identity & Personal Growth,Identity & Personal Growth,Explaining concept of potential
22,Sweetie Belle,Call of the Cutie,Let's see if there are any cookies.,Food & Drink,Food & Drink,Food & Drink,Food & Drink,Looking for food
23,Sweetie Belle,Call of the Cutie,"She could be a great scientist, or an amazing artist, or a famous writer. She could even be mayor of Ponyville someday.",Identity & Personal Growth,Identity & Personal Growth,Identity & Personal Growth,Identity & Personal Growth,Imagining future possibilities
24,Sweetie Belle,Campfire Tales,We got to hear legendary stories and go on an adventure.,"History, Lore, & Magic",Nature & Animals,"History, Lore, & Magic","History, Lore, & Magic",Reference to legendary stories
25,Sweetie Belle,Campfire Tales,And I've got the bites to prove it.,Nature & Animals,"History, Lore, & Magic",Nature & Animals,Nature & Animals,Commenting on insect bites
26,Sweetie Belle,Campfire Tales,"Yup. This time, you only packed three suitcases.",Friendship & Relationships,Friendship & Relationships,Friendship & Relationships,Friendship & Relationships,Teasing Rarity; sibling dynamic
27,Sweetie Belle,Campfire Tales,I think she's my favorite legend too.,Identity & Personal Growth,"History, Lore, & Magic","History, Lore, & Magic","History, Lore, & Magic",Discussing favorite legend
28,Sweetie Belle,Campfire Tales,"How? Our camp was so pretty, and this cave is so... not.",Nature & Animals,Friendship & Relationships,Nature & Animals,Nature & Animals,Comparing outdoor environments
29,Sweetie Belle,Campfire Tales,Wait a minute. All by himself?,"History, Lore, & Magic",Food & Drink,"History, Lore, & Magic","History, Lore, & Magic",Question about legend details
30,Sweetie Belle,Crusaders of the Lost Mark,"Not really, since we kind of overheard you yesterday.","History, Lore, & Magic",Friendship & Relationships,Friendship & Relationships,Friendship & Relationships,Admitting eavesdropping on someone
31,Sweetie Belle,Crusaders of the Lost Mark,Especially where our playground equipment should be?,"History, Lore, & Magic",Nature & Animals,Friendship & Relationships,Friendship & Relationships,Concern about shared community space
32,Sweetie Belle,Crusaders of the Lost Mark,"Yeah, and I think that's way more important than worrying about our cutie marks, don't you?","History, Lore, & Magic",Identity & Personal Growth,Identity & Personal Growth,Identity & Personal Growth,Prioritizing helping others over personal goals
33,Sweetie Belle,Crusaders of the Lost Mark,"Well, if that's how you treat your best friend, then I choose Pipsqueak!",Authority & Leadership,Friendship & Relationships,Friendship & Relationships,Friendship & Relationships,Standing up against poor treatment of friends
34,Sweetie Belle,Crusaders of the Lost Mark,And our journey here is never really done,"History, Lore, & Magic",Identity & Personal Growth,Identity & Personal Growth,Identity & Personal Growth,Song about ongoing growth
35,Sweetie Belle,Equestria Games,We tried to talk him into it...,Friendship & Relationships,Food & Drink,Friendship & Relationships,Friendship & Relationships,Collaborative effort with friends
36,Sweetie Belle,Family Appreciation Day,And that gives me an idea!,Friendship & Relationships,Friendship & Relationships,Friendship & Relationships,Friendship & Relationships,Problem-solving for friend
37,Sweetie Belle,Family Appreciation Day,"Well, you can't run off... but maybe somepony else can!","History, Lore, & Magic",Friendship & Relationships,Friendship & Relationships,Friendship & Relationships,Offering solution to help friend
38,Sweetie Belle,Family Appreciation Day,Apple Bloom's sick! Looks like she might have to stay home all week!,Nature & Animals,Friendship & Relationships,Friendship & Relationships,Friendship & Relationships,Covering for friend
39,Sweetie Belle,Family Appreciation Day,Snap out of it. We're here to help you!,Identity & Personal Growth,Friendship & Relationships,Friendship & Relationships,Friendship & Relationships,Encouraging friend; offering support
40,Sweetie Belle,Flight to the Finish,"But that's not true, Scootaloo!",Friendship & Relationships,Friendship & Relationships,Friendship & Relationships,Friendship & Relationships,Defending friend against negativity
41,Sweetie Belle,Flight to the Finish,Ms. Harshwhinny never said anything about that!,Nature & Animals,Friendship & Relationships,Friendship & Relationships,Friendship & Relationships,Defending team's approach
42,Sweetie Belle,Flight to the Finish,I'm just too tired! I can't keep going!,Identity & Personal Growth,Identity & Personal Growth,Identity & Personal Growth,Identity & Personal Growth,Expressing personal limits
43,Sweetie Belle,Flight to the Finish,I can't believe you're quitting on us!,Friendship & Relationships,Friendship & Relationships,Friendship & Relationships,Friendship & Relationships,Conflict with friend about commitment
44,Sweetie Belle,Flight to the Finish,But there's one problem! I bet everypony in class is planning to compete!,Friendship & Relationships,Identity & Personal Growth,Friendship & Relationships,Friendship & Relationships,Concern about competition
45,Sweetie Belle,Flight to the Finish,"Not without you, Scootaloo.","History, Lore, & Magic",Friendship & Relationships,Friendship & Relationships,Friendship & Relationships,Loyalty to friend
46,Sweetie Belle,Flight to the Finish,I do not like them one bit.,Friendship & Relationships,Friendship & Relationships,Friendship & Relationships,Friendship & Relationships,Expressing dislike of bullies
47,Sweetie Belle,For Whom the Sweetie Belle Toils,"I kept meaning to ask her, I really did, but I worked so hard on this play. I wrote it especially for the three of us! I directed it, I'm in it, I made the costumes... It's just that this is really my time to shine doing something completely myself, and I really wanted to keep it that way!",Nature & Animals,Identity & Personal Growth,Identity & Personal Growth,Identity & Personal Growth,Explaining desire for individual recognition; struggle with sister's shadow
48,Sweetie Belle,For Whom the Sweetie Belle Toils,"[muffled] At least Sapphire Shores won't be all like ""Ooh, who fetched you that red ribbon? Because I don't care about anything else you made. All I care about is that amazing red ribbon!""",Food & Drink,Friendship & Relationships,Friendship & Relationships,Friendship & Relationships,Resentment about sister getting credit; sibling jealousy
49,Sweetie Belle,For Whom the Sweetie Belle Toils,But you have to let us in! I'm Sapphire Shores' designer's sister! You have to believe us!,Nature & Animals,Friendship & Relationships,Friendship & Relationships,Friendship & Relationships,Using sibling connection to help
50,Sweetie Belle,For Whom the Sweetie Belle Toils,"But then I realized I didn't want your future to be ruined forever and ever, so I came back to change it before it was too late! So... here it is. It's all fixed. Please forgive me.",Identity & Personal Growth,Friendship & Relationships,Identity & Personal Growth,Identity & Personal Growth,Admitting fault and seeking forgiveness; growth moment
51,Sweetie Belle,For Whom the Sweetie Belle Toils,"No, they were perfect, and that was the whole problem!",Identity & Personal Growth,Nature & Animals,Identity & Personal Growth,Identity & Personal Growth,Realizing jealousy was the real issue
52,Sweetie Belle,For Whom the Sweetie Belle Toils,You gotta see this with the cinnamon ribbon! You'll love it!,Food & Drink,Friendship & Relationships,Friendship & Relationships,Friendship & Relationships,Showing work to sister
53,Sweetie Belle,For Whom the Sweetie Belle Toils,Admit you made those dresses too good on purpose!,Friendship & Relationships,Authority & Leadership,Friendship & Relationships,Friendship & Relationships,Accusing sister; sibling conflict
54,Sweetie Belle,For Whom the Sweetie Belle Toils,"Funny, I thought I was the only one who got worried about stuff like that.",Identity & Personal Growth,Identity & Personal Growth,Identity & Personal Growth,Identity & Personal Growth,Relating to others' insecurities
55,Sweetie Belle,For Whom the Sweetie Belle Toils,"How could you?! ""Oh, what amazing dresses! Oh, how I love the dresses! Ooh, dresses, dresses, dresses, dresses!""",Friendship & Relationships,Friendship & Relationships,Friendship & Relationships,Friendship & Relationships,Expressing jealousy and hurt about sister
56,Sweetie Belle,For Whom the Sweetie Belle Toils,"Here we are, the stars of the show!",Identity & Personal Growth,Nature & Animals,Identity & Personal Growth,Identity & Personal Growth,Pride in performance
57,Sweetie Belle,For Whom the Sweetie Belle Toils,"Finally, I was perfect, and then went to the stairs to enter like the belle of the ball. When I finally came out of my room, I found the party going on without me.",Identity & Personal Growth,Authority & Leadership,Identity & Personal Growth,Identity & Personal Growth,Memory of childhood disappointment; self-worth issues
58,Sweetie Belle,For Whom the Sweetie Belle Toils,"Forsooth and anon, I cometh forthwith and posthaste with glad tidings, miladies.",Identity & Personal Growth,Identity & Personal Growth,Identity & Personal Growth,Identity & Personal Growth,Performing in play; expressing theatrical identity
59,Sweetie Belle,For Whom the Sweetie Belle Toils,[screams] I don't wanna see any more!,Identity & Personal Growth,Identity & Personal Growth,Identity & Personal Growth,Identity & Personal Growth,Emotional reaction to revelation about self
60,Sweetie Belle,For Whom the Sweetie Belle Toils,She's been very busy lately!,Nature & Animals,Friendship & Relationships,Friendship & Relationships,Friendship & Relationships,Defending sister
61,Sweetie Belle,For Whom the Sweetie Belle Toils,Rarity? [gasps] Oh no! The box is... gone? I'm too late! She left for Canterlot!,"History, Lore, & Magic",Friendship & Relationships,Friendship & Relationships,Friendship & Relationships,Panic about sister's situation
62,Sweetie Belle,For Whom the Sweetie Belle Toils,"Wait, come back! Luna? Can you hear me? Thank you for what you did! Help, Luna! Luuuna!",Nature & Animals,Friendship & Relationships,Friendship & Relationships,Friendship & Relationships,Calling for help from mentor figure
63,Sweetie Belle,For Whom the Sweetie Belle Toils,"Oh, good! This is just a dream!",Friendship & Relationships,Identity & Personal Growth,Identity & Personal Growth,Identity & Personal Growth,Relief about dream state
64,Sweetie Belle,For Whom the Sweetie Belle Toils,[sighs] I hope everything goes alright for her tomorrow.,Friendship & Relationships,Authority & Leadership,Friendship & Relationships,Friendship & Relationships,Concern for sister's success
65,Sweetie Belle,For Whom the Sweetie Belle Toils,"Look at the stitching, real close.",Identity & Personal Growth,Identity & Personal Growth,Identity & Personal Growth,Identity & Personal Growth,Showing off her own work
66,Sweetie Belle,For Whom the Sweetie Belle Toils,Don't act like you don't remember. Or are you trying to prove you're a better actress than me too?!,Identity & Personal Growth,Friendship & Relationships,Identity & Personal Growth,Identity & Personal Growth,Insecurity about being compared to sister
67,Sweetie Belle,For Whom the Sweetie Belle Toils,At least everypony else who was able to stay loved it.,Identity & Personal Growth,Identity & Personal Growth,Identity & Personal Growth,Identity & Personal Growth,Seeking validation for her work
68,Sweetie Belle,For Whom the Sweetie Belle Toils,"Oh, it just came to me... in a dream. I'm sorry I got jealous about those dresses. I know now that you were only trying to help.",Nature & Animals,Identity & Personal Growth,Identity & Personal Growth,Identity & Personal Growth,Admitting jealousy; learning lesson
69,Sweetie Belle,For Whom the Sweetie Belle Toils,"Yes, good. Not jaw-dropping amazing!",Friendship & Relationships,"History, Lore, & Magic",Friendship & Relationships,Friendship & Relationships,Wanting sister's work to not overshadow hers
70,Sweetie Belle,For Whom the Sweetie Belle Toils,Tomorrow night. For the opening night of our show!,Identity & Personal Growth,Authority & Leadership,Friendship & Relationships,Identity & Personal Growth,Excitement about own performance
71,Sweetie Belle,Forever Filly,"Right... Well, I sure am happy to see you, and spending the day with you does sound like a lot of fun, but... I'm kind of right in the middle of something important. I have responsibilities and...",Authority & Leadership,Identity & Personal Growth,Identity & Personal Growth,Identity & Personal Growth,Asserting responsibilities and maturity
72,Sweetie Belle,Forever Filly,Cutie Mark Crusaders mid-mission here!,Identity & Personal Growth,Authority & Leadership,Identity & Personal Growth,Identity & Personal Growth,Asserting CMC identity and purpose
73,Sweetie Belle,Forever Filly,"Rarity, this is hard for me to say, but... um...",Friendship & Relationships,Friendship & Relationships,Friendship & Relationships,Friendship & Relationships,Struggling to communicate with sister
74,Sweetie Belle,Forever Filly,"[laughs nervously, sighs] That was, uh... one tasty bite. Still a little hungry, though.",Food & Drink,Identity & Personal Growth,Food & Drink,Food & Drink,Commenting on small food portion
75,Sweetie Belle,Forever Filly,"You don't still play with the same toys from when you were a foal, do you?",Identity & Personal Growth,Nature & Animals,Identity & Personal Growth,Identity & Personal Growth,Pointing out she's grown up
76,Sweetie Belle,Forever Filly,[sighs] I dunno. It's no big deal. This is great.,Identity & Personal Growth,Friendship & Relationships,Friendship & Relationships,Friendship & Relationships,Reluctantly going along with sister
77,Sweetie Belle,Forever Filly,You sure you two can handle our client here?,Friendship & Relationships,Friendship & Relationships,Friendship & Relationships,Friendship & Relationships,Checking on CMC teammates
78,Sweetie Belle,Forever Filly,That's just it! I used to! That's not who I am anymore!,Identity & Personal Growth,Identity & Personal Growth,Identity & Personal Growth,Identity & Personal Growth,Asserting growth and change; rejecting past self
79,Sweetie Belle,Forever Filly,"You have the CMC guarantee! No matter what it takes, we promise you'll have our full attention.",Friendship & Relationships,Authority & Leadership,Friendship & Relationships,Friendship & Relationships,Professional commitment to helping others
80,Sweetie Belle,Forever Filly,"Okay, Zipporwhill. What do you see?",Friendship & Relationships,"History, Lore, & Magic",Friendship & Relationships,Friendship & Relationships,Helping client in CMC work
81,Sweetie Belle,Forever Filly,"Hey, Zipporwhill. What are you doing here? Where are Apple Bloom and Scootaloo?","History, Lore, & Magic",Friendship & Relationships,Friendship & Relationships,Friendship & Relationships,Asking about friends and client
82,Sweetie Belle,Forever Filly,"Well, I do have one idea...",Nature & Animals,Friendship & Relationships,Friendship & Relationships,Friendship & Relationships,Offering solution in CMC context
83,Sweetie Belle,Forever Filly,Huh. I remember it being much bigger.,Identity & Personal Growth,"History, Lore, & Magic",Identity & Personal Growth,Identity & Personal Growth,Noticing she's grown; childhood memory
84,Sweetie Belle,Forever Filly,Oh. Right. From when I was a little filly.,Nature & Animals,Identity & Personal Growth,Identity & Personal Growth,Identity & Personal Growth,Acknowledging past self
85,Sweetie Belle,Forever Filly,"Really?! If you still think I like doing this stuff, then maybe you don't know me at all!",Identity & Personal Growth,Identity & Personal Growth,Identity & Personal Growth,Identity & Personal Growth,Frustration that sister doesn't see her growth
86,Sweetie Belle,Forever Filly,"Oh, um... I guess another scoop would be fine!",Food & Drink,Authority & Leadership,Food & Drink,Food & Drink,Accepting more ice cream
87,Sweetie Belle,Forever Filly,Pretty sure it's Zipporwhill. She needs help reconnecting with her cutie mark - three puppy paw prints.,Identity & Personal Growth,Identity & Personal Growth,Identity & Personal Growth,Identity & Personal Growth,Diagnosing cutie mark problem
88,Sweetie Belle,Forever Filly,"I, um, guess I just prefer black box experimental theater.",Identity & Personal Growth,Authority & Leadership,Identity & Personal Growth,Identity & Personal Growth,Expressing mature taste preference
89,Sweetie Belle,Forever Filly,"Aww, Rarity! I love being with you too! That will never change! But... maybe we could just try to do different things together?","History, Lore, & Magic",Friendship & Relationships,Friendship & Relationships,Friendship & Relationships,Balancing growth with sibling bond
90,Sweetie Belle,Hard to Say Anything,"Besides, I know exactly what to do! When I was younger, I read all the fairy tales.","History, Lore, & Magic",Friendship & Relationships,"History, Lore, & Magic","History, Lore, & Magic",Referencing fairy tale knowledge
91,Sweetie Belle,Hard to Say Anything,"We're just gonna have to keep trying! Big Mac, are you ready to take it up a notch?",Friendship & Relationships,"History, Lore, & Magic",Authority & Leadership,Friendship & Relationships,Encouraging persistence in romance
92,Sweetie Belle,Hard to Say Anything,"We're pretty sure she likes you! I mean, she keeps ordering apples just so she can see you again.",Friendship & Relationships,"History, Lore, & Magic",Friendship & Relationships,Friendship & Relationships,Romantic advice; reading relationship signs
93,Sweetie Belle,Hard to Say Anything,"Hey, Apple Bloom! Rarity's reorganizing her shop, and look what she found! Old costumes from the talent show!",Friendship & Relationships,Friendship & Relationships,Friendship & Relationships,Friendship & Relationships,Sharing news with friend; sibling connection
94,Sweetie Belle,Hard to Say Anything,"It doesn't really count when you trick a pony into drinking a love potion, does it?",Identity & Personal Growth,"History, Lore, & Magic","History, Lore, & Magic","History, Lore, & Magic",Referencing past love potion incident
95,Sweetie Belle,Hard to Say Anything,Hey! That's our metaphorical sunset they're riding off into!,Identity & Personal Growth,Friendship & Relationships,Friendship & Relationships,Friendship & Relationships,Humorous comment about romantic ending
96,Sweetie Belle,Hard to Say Anything,"Well, I was younger on the way here!",Identity & Personal Growth,Nature & Animals,Identity & Personal Growth,Identity & Personal Growth,Humorous comment about aging/time
97,Sweetie Belle,Hard to Say Anything,"That's an awful long way for a pony to go, isn't it?",Friendship & Relationships,Food & Drink,Friendship & Relationships,Friendship & Relationships,Comment about Big Mac's dedication
98,Sweetie Belle,Hard to Say Anything,"It was a long ride! Anyway, as long as we do what the book says, you're pretty much guaranteed a happy ending. Uh, how about this one? ""Rescuing a damsel-pony-in-distress."" That's perfect! Of course, we'll have to improvise without a dragon.",Nature & Animals,"History, Lore, & Magic","History, Lore, & Magic","History, Lore, & Magic",Using fairy tale tropes for romance advice
99,Sweetie Belle,Hard to Say Anything,So nothing fishy's going on.,Nature & Animals,Friendship & Relationships,Friendship & Relationships,Friendship & Relationships,Observation about situation
100,Sweetie Belle,Hard to Say Anything,Yeah. He totally blushed when you brought up how often he's been going to Starlight's old village.,Friendship & Relationships,Friendship & Relationships,Friendship & Relationships,Friendship & Relationships,Teasing about romantic interest
101,Sweetie Belle,Hearts and Hooves Day,"We may have given you the teeny-tiniest bit of love potion... that may have turned out to actually be a love poison, and you may have gone just a teeny-tiniest bit nutty.",Food & Drink,"History, Lore, & Magic","History, Lore, & Magic","History, Lore, & Magic",Confessing about using magical potion
102,Sweetie Belle,Hearts and Hooves Day,Now we just need to keep them apart. I'll keep Miss Cheerilee occupied. You two do the same with Big Mac.,Nature & Animals,Authority & Leadership,Authority & Leadership,Authority & Leadership,Taking charge of plan; directing others
103,Sweetie Belle,Hearts and Hooves Day,I think they're gonna drink it.,Food & Drink,Food & Drink,Food & Drink,Food & Drink,About love potion drink
104,Sweetie Belle,Hearts and Hooves Day,"Miss Cheerilee, are you alright?",Food & Drink,Friendship & Relationships,Friendship & Relationships,Friendship & Relationships,Concern for teacher's wellbeing
105,Sweetie Belle,Hearts and Hooves Day,"If we can get Big Mac and Miss Cheerilee in a really romantic setting, I bet she'll ask him.",Friendship & Relationships,Friendship & Relationships,Friendship & Relationships,Friendship & Relationships,Romantic matchmaking plan
106,Sweetie Belle,Hearts and Hooves Day,This one looks nice. Better try it on though.,Friendship & Relationships,Friendship & Relationships,Friendship & Relationships,Friendship & Relationships,Shopping together
107,Sweetie Belle,Hearts and Hooves Day,They aren't really gonna get married. They're just gonna get ready to get married.,Nature & Animals,Friendship & Relationships,Friendship & Relationships,Friendship & Relationships,Explaining relationship situation
108,Sweetie Belle,Hearts and Hooves Day,"Well nothing's wrong with this one, He seems alright...",Friendship & Relationships,Friendship & Relationships,Friendship & Relationships,Friendship & Relationships,Song about evaluating match
109,Sweetie Belle,Hearts and Hooves Day,How could somepony as amazing as you not have a very special somepony on Hearts and Hooves Day?,Friendship & Relationships,Authority & Leadership,Friendship & Relationships,Friendship & Relationships,Expressing care for teacher
110,Sweetie Belle,Hearts and Hooves Day,Now it can't be just anypony. Miss Cheerilee is one of the best mares in Ponyville. She deserves to have one of the best stallions as her very special somepony.,Friendship & Relationships,Authority & Leadership,Friendship & Relationships,Friendship & Relationships,Setting standards for matchmaking
111,Sweetie Belle,Hearts and Hooves Day,"Punch! We made punch. We were gonna set up a stand and try to sell it but, heh, we needed somepony to taste-test it first.",Nature & Animals,Food & Drink,Food & Drink,Food & Drink,Cover story about punch/drink
112,Sweetie Belle,Hearts and Hooves Day,I'm more than all right. I've just come up with the best idea ever. We're gonna find Miss Cheerilee a very special somepony.,Friendship & Relationships,Identity & Personal Growth,Friendship & Relationships,Friendship & Relationships,Planning matchmaking for teacher
113,Sweetie Belle,Hearts and Hooves Day,"If we can keep Miss Cheerilee and Big Mac from looking into each other's eyes for one full hour, the love curse will be broken.","History, Lore, & Magic",Friendship & Relationships,"History, Lore, & Magic","History, Lore, & Magic",Explaining magic curse rules
114,Sweetie Belle,Hearts and Hooves Day,"[sigh] Either way, we failed.",Identity & Personal Growth,Food & Drink,Identity & Personal Growth,Identity & Personal Growth,Admitting failure
115,Sweetie Belle,Hearts and Hooves Day,"Gosh, you two are so in love, the next thing you know, you'll be getting married.",Identity & Personal Growth,Friendship & Relationships,Friendship & Relationships,Friendship & Relationships,Comment about romantic relationship
116,Sweetie Belle,Hearts and Hooves Day,Of course it will work. They're perfect for each other.,Food & Drink,Friendship & Relationships,Friendship & Relationships,Friendship & Relationships,Confidence in matchmaking
117,Sweetie Belle,Hearts and Hooves Day,What's wrong? Where's Apple Bloom? Where's Big Mac?,Friendship & Relationships,Food & Drink,Friendship & Relationships,Friendship & Relationships,Concern about friends
118,Sweetie Belle,Hearts and Hooves Day,Too strangely obsessed with tubs of jelly.,Authority & Leadership,Food & Drink,Food & Drink,Food & Drink,Rejecting candidate due to food obsession
119,Sweetie Belle,Hearts and Hooves Day,With her new very special somepony.,Authority & Leadership,Friendship & Relationships,Friendship & Relationships,Friendship & Relationships,About romantic relationship
120,Sweetie Belle,Hearts and Hooves Day,"I... don't suppose we could borrow that book for a little while, do ya?",Food & Drink,"History, Lore, & Magic","History, Lore, & Magic","History, Lore, & Magic",Asking about book with love potion lore
121,Sweetie Belle,Hearts and Hooves Day,"We did it girls, We've found the one, Who will send our teacher's heart aflutter!",Authority & Leadership,Friendship & Relationships,Friendship & Relationships,Friendship & Relationships,Song celebrating matchmaking success
122,Sweetie Belle,Just for Sidekicks,"Awww, little fluffy Angel Bunny-kins! You're so cute! The natural weaves in his fluff are to die for!",Identity & Personal Growth,Nature & Animals,Nature & Animals,Nature & Animals,Admiring bunny's appearance
123,Sweetie Belle,Just for Sidekicks,"I wish I were dressed for it, but still... [squealing] THE CRYSTAL EMPIRE!","History, Lore, & Magic","History, Lore, & Magic","History, Lore, & Magic","History, Lore, & Magic",Excitement about Crystal Empire
124,Sweetie Belle,Just for Sidekicks,Isn't Angel just the cutest thing you've ever seen?!,Nature & Animals,Friendship & Relationships,Nature & Animals,Nature & Animals,Admiring bunny
125,Sweetie Belle,Just for Sidekicks,There has to be a better solution!,Food & Drink,Friendship & Relationships,Friendship & Relationships,Friendship & Relationships,Problem-solving with friends
126,Sweetie Belle,Just for Sidekicks,Without seeing the palace!,Friendship & Relationships,Friendship & Relationships,Friendship & Relationships,Friendship & Relationships,Disappointment about missing experience
127,Sweetie Belle,Lesson Zero,I really like her... mane?,Identity & Personal Growth,Friendship & Relationships,Friendship & Relationships,Friendship & Relationships,Confused reaction under spell
128,Sweetie Belle,Lesson Zero,I really... like her... mane.,Friendship & Relationships,Friendship & Relationships,Friendship & Relationships,Friendship & Relationships,Uncertain compliment under spell
129,Sweetie Belle,Make New Friends but Keep Discord,[singsong] We're plus-ones!,Food & Drink,Friendship & Relationships,Friendship & Relationships,Friendship & Relationships,Excited about being invited together
130,Sweetie Belle,Marks and Recreation,"Rumble, stop! That's just not true!","History, Lore, & Magic",Friendship & Relationships,Authority & Leadership,Friendship & Relationships,Defending against false claims about friendship
131,Sweetie Belle,Marks and Recreation,Trying to find out what you're meant to do can be frustrating. You remember how long it took us to get our cutie marks?,Identity & Personal Growth,Identity & Personal Growth,Identity & Personal Growth,Identity & Personal Growth,Sharing personal experience with finding purpose
132,Sweetie Belle,Marks and Recreation,The Cutie Mark Crusaders are pleased to announce today's special guest - Thunderlane!,Friendship & Relationships,"History, Lore, & Magic",Friendship & Relationships,Friendship & Relationships,Introducing guest at CMC event
133,Sweetie Belle,Marks and Recreation,Wow. I can't believe we got a cutie mark on the first day!,Identity & Personal Growth,Food & Drink,Identity & Personal Growth,Identity & Personal Growth,Surprise at quick cutie mark
134,Sweetie Belle,Marks and Recreation,[yelling] Cutie marks... make you... special!,Identity & Personal Growth,Identity & Personal Growth,Identity & Personal Growth,Identity & Personal Growth,Emphasizing value of cutie marks
135,Sweetie Belle,Marks and Recreation,"Well, that certainly is... round.",Authority & Leadership,Friendship & Relationships,Friendship & Relationships,Friendship & Relationships,Polite comment on attempt
136,Sweetie Belle,Marks and Recreation,Everypony wants to know what they're meant to do!,Authority & Leadership,Identity & Personal Growth,Identity & Personal Growth,Identity & Personal Growth,About finding life purpose
137,Sweetie Belle,Marks and Recreation,"Kettle Corn, you covered your cutie mark?!",Identity & Personal Growth,"History, Lore, & Magic",Identity & Personal Growth,Identity & Personal Growth,Shock about hiding identity marker
138,Sweetie Belle,Marks and Recreation,That would be perfect! We'd save time and they could help each other!,Friendship & Relationships,Identity & Personal Growth,Friendship & Relationships,Friendship & Relationships,Enthusiasm about collaborative approach
139,Sweetie Belle,Marks and Recreation,That's silly. Having a cutie mark doesn't mean you can't do other things.,Identity & Personal Growth,Food & Drink,Identity & Personal Growth,Identity & Personal Growth,Explaining flexibility of identity
140,Sweetie Belle,Marks and Recreation,"I can't believe Rumble isn't interested in getting his cutie mark either, but we can't force him.",Identity & Personal Growth,Food & Drink,Identity & Personal Growth,Identity & Personal Growth,Accepting others' choices about identity
141,Sweetie Belle,Marks and Recreation,"Well, we're excited too! At Cutie Mark Day Camp, you'll be able to try all kinds of things!",Authority & Leadership,Identity & Personal Growth,Identity & Personal Growth,Identity & Personal Growth,Promoting exploration of talents
142,Sweetie Belle,Marks and Recreation,We know you'll get your cutie mark. Everypony does.,Identity & Personal Growth,Identity & Personal Growth,Identity & Personal Growth,Identity & Personal Growth,Reassurance about destiny
143,Sweetie Belle,Marks for Effort,Can't you just give us a chance?,Friendship & Relationships,Nature & Animals,Friendship & Relationships,Friendship & Relationships,Pleading for opportunity
144,Sweetie Belle,Marks for Effort,We wanna learn friendship!,Nature & Animals,Friendship & Relationships,Friendship & Relationships,Friendship & Relationships,Expressing desire to learn about friendship
145,Sweetie Belle,Marks for Effort,Aww. She looks so sad. We better go see what's wrong.,Food & Drink,Friendship & Relationships,Friendship & Relationships,Friendship & Relationships,Empathy and desire to help
146,Sweetie Belle,Marks for Effort,Or how Twilight could blame us for it!,Nature & Animals,Friendship & Relationships,Friendship & Relationships,Friendship & Relationships,Concern about relationship with Twilight
147,Sweetie Belle,Marks for Effort,"Green, purple, yellow. And one more purple. Whew. Sorting all those took longer than I thought.",Food & Drink,Friendship & Relationships,Friendship & Relationships,Friendship & Relationships,Describing completed task
148,Sweetie Belle,Marks for Effort,At least she likes her present?,Authority & Leadership,Friendship & Relationships,Friendship & Relationships,Friendship & Relationships,Finding silver lining
149,Sweetie Belle,Marks for Effort,That sounds like a closet.,Friendship & Relationships,Identity & Personal Growth,Friendship & Relationships,Friendship & Relationships,Skeptical response
150,Sweetie Belle,Marks for Effort,"[stiltedly] You are so careless! [quietly] Good plan, Apple Bloom!",Friendship & Relationships,Friendship & Relationships,Friendship & Relationships,Friendship & Relationships,Pretend conflict with friends; teamwork
151,Sweetie Belle,Marks for Effort,[whispering] Rarity says there's never been a school like it!,Friendship & Relationships,Friendship & Relationships,Friendship & Relationships,Friendship & Relationships,Quoting sister excitedly
152,Sweetie Belle,Marks for Effort,Please can I go to Twilight's school?!,Friendship & Relationships,"History, Lore, & Magic",Friendship & Relationships,Friendship & Relationships,Begging to attend school
153,Sweetie Belle,On Your Marks,"Don't worry, you'll be just fine!",Friendship & Relationships,Authority & Leadership,Friendship & Relationships,Friendship & Relationships,Encouraging friend
154,Sweetie Belle,On Your Marks,A place where we faced all kinds of cutie mark problems!,"History, Lore, & Magic",Identity & Personal Growth,Identity & Personal Growth,Identity & Personal Growth,Reflecting on CMC history
155,Sweetie Belle,On Your Marks,Like when there's something one of us wants to do that the others don't.,"History, Lore, & Magic",Friendship & Relationships,Friendship & Relationships,Friendship & Relationships,Discussing group dynamics
156,Sweetie Belle,On Your Marks,"Oh! I'm sorry, Apple Bloom. I was distracted by the radiance of my cutie mark... Did you say something?",Identity & Personal Growth,Nature & Animals,Identity & Personal Growth,Identity & Personal Growth,Joking about pride in cutie mark
157,Sweetie Belle,On Your Marks,I don't think Rarity would let me travel to the far reaches of Equestria looking for cutie mark problems.,Nature & Animals,Friendship & Relationships,Friendship & Relationships,Friendship & Relationships,Acknowledging sibling restrictions
158,Sweetie Belle,On Your Marks,The problem boils down to this - we don't need to go out and do things anymore to get our cutie marks.,Friendship & Relationships,Identity & Personal Growth,Identity & Personal Growth,Identity & Personal Growth,Analyzing post-cutie-mark purpose
159,Sweetie Belle,On Your Marks,I can't believe you tried all this stuff and didn't find one thing you liked!,Identity & Personal Growth,Friendship & Relationships,Identity & Personal Growth,Identity & Personal Growth,Surprise at friend's search for purpose
160,Sweetie Belle,On Your Marks,"Well, we used to only do stuff to get our cutie marks or fulfill our destiny, but now we don't have to.",Identity & Personal Growth,"History, Lore, & Magic",Identity & Personal Growth,Identity & Personal Growth,Reflecting on change in motivation
161,Sweetie Belle,On Your Marks,So... what's your cutie mark problem?,Identity & Personal Growth,Authority & Leadership,Identity & Personal Growth,Identity & Personal Growth,Asking about identity issues
162,Sweetie Belle,On Your Marks,"Huh. So now that we don't have to do stuff to get our cutie marks, what is it that the Cutie Mark Crusaders actually do?",Friendship & Relationships,Identity & Personal Growth,Identity & Personal Growth,Identity & Personal Growth,Questioning CMC purpose post-cutie-marks
163,Sweetie Belle,On Your Marks,And it's totally normal to feel confused and maybe even a little lost. But being a blank flank is nothing to be ashamed of.,Identity & Personal Growth,Identity & Personal Growth,Identity & Personal Growth,Identity & Personal Growth,Encouraging acceptance of identity stage
164,Sweetie Belle,On Your Marks,Just as soon as you figure out what it is.,Nature & Animals,Identity & Personal Growth,Identity & Personal Growth,Identity & Personal Growth,About finding purpose
165,Sweetie Belle,On Your Marks,"[tapping with baton] And a-one, and a-two, and a-one two three!",Food & Drink,Identity & Personal Growth,Identity & Personal Growth,Identity & Personal Growth,Leading music practice; showing skill
166,Sweetie Belle,One Bad Apple,We need to talk to Applejack.,Authority & Leadership,Friendship & Relationships,Friendship & Relationships,Friendship & Relationships,Deciding to seek family help
167,Sweetie Belle,One Bad Apple,I'm just so excited I could burst!,Friendship & Relationships,Identity & Personal Growth,Friendship & Relationships,Friendship & Relationships,Excitement about new friend
168,Sweetie Belle,One Bad Apple,We could always tell Applejack.,Nature & Animals,Friendship & Relationships,Friendship & Relationships,Friendship & Relationships,Suggesting getting help from family
169,Sweetie Belle,One Bad Apple,"And we figured out you were just doing it to avoid getting picked on in Ponyville. But, by then... we were the ones being bullies. And... Oh, why does life have to be so ironic?!",Identity & Personal Growth,Identity & Personal Growth,Identity & Personal Growth,Identity & Personal Growth,Realizing own behavior; moral lesson
170,Sweetie Belle,One Bad Apple,"Isn't it smashing? No! I-I didn't mean smashing! I mean... Isn't it a hit? No! No, I- No! No hitting! I meant-",Friendship & Relationships,Friendship & Relationships,Friendship & Relationships,Friendship & Relationships,Nervous about showing float to others
171,Sweetie Belle,One Bad Apple,This is gonna be the best week of your life!,Authority & Leadership,Friendship & Relationships,Friendship & Relationships,Friendship & Relationships,Welcoming new friend
172,Sweetie Belle,One Bad Apple,Teach her to fool with the Cutie Mark Crusaders!,Friendship & Relationships,Food & Drink,Friendship & Relationships,Friendship & Relationships,Defensive group pride
173,Sweetie Belle,One Bad Apple,We have to tell Applejack!,Friendship & Relationships,"History, Lore, & Magic",Friendship & Relationships,Friendship & Relationships,Urgent need to seek family help
174,Sweetie Belle,One Bad Apple,The Summer Harvest Parade's going on while you're here! You'll get to ride in a float!,Friendship & Relationships,Authority & Leadership,Friendship & Relationships,Friendship & Relationships,Sharing exciting plans with new friend
175,Sweetie Belle,One Bad Apple,But it's booby tra-,Friendship & Relationships,Food & Drink,Friendship & Relationships,Friendship & Relationships,Trying to warn about trap
176,Sweetie Belle,One Bad Apple,"[tired] Good, 'cause we'd better get out of here before Babs finds us.","History, Lore, & Magic",Friendship & Relationships,Friendship & Relationships,Friendship & Relationships,Avoiding conflict
177,Sweetie Belle,Owl's Well That Ends Well,"Hey, everypony! The show is starting!",Friendship & Relationships,"History, Lore, & Magic",Friendship & Relationships,Friendship & Relationships,Calling friends to shared event
178,Sweetie Belle,Ponyville Confidential,Your friends would wanna read the Foal Free Press?,Friendship & Relationships,Nature & Animals,Friendship & Relationships,Friendship & Relationships,Question about newspaper readership
179,Sweetie Belle,Ponyville Confidential,Scootaloo? Do you have anything?,Friendship & Relationships,Friendship & Relationships,Friendship & Relationships,Friendship & Relationships,Asking teammate for input
180,Sweetie Belle,Ponyville Confidential,Are you snooping through my saddlebag?,Identity & Personal Growth,Friendship & Relationships,Friendship & Relationships,Friendship & Relationships,Sibling boundary issue with Rarity
181,Sweetie Belle,Ponyville Confidential,"But this could be our last chance to earn our cutie marks! If we really are supposed to be journalists, isn't it worth a little grief?",Identity & Personal Growth,Nature & Animals,Identity & Personal Growth,Identity & Personal Growth,Struggling with ethics vs. cutie mark goal
182,Sweetie Belle,Ponyville Confidential,"We gave up too quickly, girls. Forget trying to squeeze stories out of this school. We need to expand!",Food & Drink,Authority & Leadership,Authority & Leadership,Authority & Leadership,Taking charge of newspaper direction
183,Sweetie Belle,Ponyville Confidential,Can you believe Featherweight got his cutie mark? Featherweight! Before us!,Identity & Personal Growth,Identity & Personal Growth,Identity & Personal Growth,Identity & Personal Growth,Jealousy about others getting cutie marks
184,Sweetie Belle,Ponyville Confidential,Can you please keep it down with all the laughter? I'm trying to- hey!,Food & Drink,Friendship & Relationships,Friendship & Relationships,Friendship & Relationships,Interrupted by sister
185,Sweetie Belle,Ponyville Confidential,"We're sorry, Diamond Tiara, but we've made our decision.",Nature & Animals,Identity & Personal Growth,Identity & Personal Growth,Identity & Personal Growth,Standing by ethical decision
186,Sweetie Belle,Ponyville Confidential,"To the citizens of Ponyville,",Nature & Animals,Friendship & Relationships,Friendship & Relationships,Friendship & Relationships,Beginning public apology
187,Sweetie Belle,Ponyville Confidential,"We couldn't fit all of our names, so we decided to create one for all three of us.",Friendship & Relationships,"History, Lore, & Magic",Friendship & Relationships,Friendship & Relationships,Explaining CMC group decision
188,Sweetie Belle,Ponyville Confidential,"[giggles] Hey, Featherweight, c'mere! [giggles] Take a few pictures of this, then meet me during lunch. Girls, I have our story.",Friendship & Relationships,Friendship & Relationships,Friendship & Relationships,Friendship & Relationships,Coordinating with team
189,Sweetie Belle,Ponyville Confidential,We'll need to tell Featherweight to start working overtime.,Friendship & Relationships,Friendship & Relationships,Friendship & Relationships,Friendship & Relationships,Managing team workload
190,Sweetie Belle,Ponyville Confidential,But the gossip we've been printing is hurting everypony's feelings!,Friendship & Relationships,Friendship & Relationships,Friendship & Relationships,Friendship & Relationships,Moral concern about hurting others
191,Sweetie Belle,Ponyville Confidential,We've ruined all of our friendships and we still don't have our cutie marks!,Friendship & Relationships,Nature & Animals,Friendship & Relationships,Friendship & Relationships,Despair about damaged friendships
192,Sweetie Belle,Ponyville Confidential,What's an editor-in-chief?,Friendship & Relationships,Identity & Personal Growth,Friendship & Relationships,Friendship & Relationships,Question about role
193,Sweetie Belle,Princess Twilight Sparkle - Part 1,"Rarity, you have to help me! I think something's wrong with my horn!","History, Lore, & Magic",Friendship & Relationships,"History, Lore, & Magic","History, Lore, & Magic",Concern about magical horn problem
194,Sweetie Belle,School Raze - Part 2,Cozy Glow did all of this? How? Why?,Authority & Leadership,Friendship & Relationships,Authority & Leadership,Authority & Leadership,Questioning villain's actions
195,Sweetie Belle,School Raze - Part 2,What happened?! Is everything all right?! Where's Cozy Glow?!,Nature & Animals,Friendship & Relationships,Friendship & Relationships,Friendship & Relationships,Concern about crisis situation
196,Sweetie Belle,School Raze - Part 2,"But Starlight's trapped here, and there's no way to get word to Celestia or anypony else!",Authority & Leadership,"History, Lore, & Magic",Authority & Leadership,Authority & Leadership,Assessing crisis; communication problem
197,Sweetie Belle,Sisterhooves Social,"Geez Louise, can't I do anything right?",Identity & Personal Growth,Identity & Personal Growth,Identity & Personal Growth,Identity & Personal Growth,Self-doubt about abilities
198,Sweetie Belle,Sisterhooves Social,"[mimicking Rarity] Why, it's smashing!",Friendship & Relationships,Friendship & Relationships,Friendship & Relationships,Friendship & Relationships,Playfully mimicking sister
199,Sweetie Belle,Sisterhooves Social,That sounds like the perfect way for us to hang out! Rarity will think it's an excellent idea.,Friendship & Relationships,Food & Drink,Friendship & Relationships,Friendship & Relationships,Excited about sibling bonding opportunity
200,Sweetie Belle,Sisterhooves Social,"Oh hello, un-sister. What are you doing here? Better be careful, you might get some dust on you.",Authority & Leadership,Friendship & Relationships,Friendship & Relationships,Friendship & Relationships,Sarcastic comment during sibling conflict
201,Sweetie Belle,Sisterhooves Social,It's not just the Social. She thinks I'm uncouth.,Identity & Personal Growth,Identity & Personal Growth,Identity & Personal Growth,Identity & Personal Growth,Hurt about sister's perception of her
202,Sweetie Belle,Sisterhooves Social,I just wanted to do something nice for my sister.,"History, Lore, & Magic",Friendship & Relationships,Friendship & Relationships,Friendship & Relationships,Explaining good intentions
203,Sweetie Belle,Sisterhooves Social,"So, we did the whole competition... together?",Friendship & Relationships,Friendship & Relationships,Friendship & Relationships,Friendship & Relationships,Realizing sibling bonding moment
204,Sweetie Belle,Sisterhooves Social,Rarity! I thought you said I was gonna help!,Nature & Animals,Friendship & Relationships,Friendship & Relationships,Friendship & Relationships,Frustration about broken promise
205,Sweetie Belle,Sisterhooves Social,I'll go with you and help!,Friendship & Relationships,Identity & Personal Growth,Friendship & Relationships,Friendship & Relationships,Offering to help
206,Sweetie Belle,Sisterhooves Social,"No problem, I'll make myself useful!",Identity & Personal Growth,Identity & Personal Growth,Identity & Personal Growth,Identity & Personal Growth,Wanting to prove usefulness
207,Sweetie Belle,Sisterhooves Social,"Thank you, Applejack! You were amazing! I don't even care that we didn't win. This was so much fun! Huh? Rarity?! Wait, where's Applejack?",Friendship & Relationships,Authority & Leadership,Friendship & Relationships,Friendship & Relationships,Gratitude and surprise at reveal
208,Sweetie Belle,Sisterhooves Social,A sister is someone who loves and takes care of another sister. Applejack's a real sister.,Friendship & Relationships,Identity & Personal Growth,Friendship & Relationships,Friendship & Relationships,Defining what sisterhood means; comparing to Rarity
209,Sweetie Belle,Sisterhooves Social,You mean... you were all in on it?,Friendship & Relationships,Friendship & Relationships,Friendship & Relationships,Friendship & Relationships,Surprised at collaborative secret
210,Sweetie Belle,Sisterhooves Social,"Um, okay. Ow! You're right, it is hard work.",Friendship & Relationships,Identity & Personal Growth,Friendship & Relationships,Friendship & Relationships,Experiencing farm work with sister
211,Sweetie Belle,Sisterhooves Social,I never got in trouble for drawing. Hmm. This needs something...,Authority & Leadership,Identity & Personal Growth,Identity & Personal Growth,Identity & Personal Growth,Reflecting on creative expression
212,Sweetie Belle,Sisterhooves Social,You sure you want me to help? I just mess everything up!,Identity & Personal Growth,Identity & Personal Growth,Identity & Personal Growth,Identity & Personal Growth,Self-doubt and insecurity
213,Sweetie Belle,Sisterhooves Social,"But every time I make a mess, you get upset!",Friendship & Relationships,Identity & Personal Growth,Friendship & Relationships,Friendship & Relationships,Frustration with sister's reactions
214,Sweetie Belle,Sisterhooves Social,"But, I thought it would make you happy!",Friendship & Relationships,Friendship & Relationships,Friendship & Relationships,Friendship & Relationships,Good intentions misunderstood
215,Sweetie Belle,Sisterhooves Social,"Hi, Rarity! I made a special drawing for y-",Friendship & Relationships,Friendship & Relationships,Friendship & Relationships,Friendship & Relationships,Giving gift to sister
216,Sweetie Belle,Sisterhooves Social,"That's the last word Rarity would use. [mimicking Rarity] Oh my, what a repulsive monstrosity! This thing needs a head to toe makeover!",Friendship & Relationships,"History, Lore, & Magic",Friendship & Relationships,Friendship & Relationships,Mimicking sister's critical nature
217,Sweetie Belle,Sisterhooves Social,"Hm! You want me to go home with you, so we can do what you wanna do?",Friendship & Relationships,Friendship & Relationships,Friendship & Relationships,Friendship & Relationships,Resentful question about sister's selfishness
218,Sweetie Belle,Sleepless in Ponyville,See? Told you she'd wanna go.,Friendship & Relationships,Nature & Animals,Friendship & Relationships,Friendship & Relationships,Confirmed prediction about friend
219,Sweetie Belle,Sleepless in Ponyville,I call sister teams! Last herd to make it to the falls is a moldy carrot!,Authority & Leadership,Friendship & Relationships,Food & Drink,Friendship & Relationships,Organizing team activity
220,Sweetie Belle,Sleepless in Ponyville,And I'll get Rarity to come too! Rarity loves camping!,Authority & Leadership,Friendship & Relationships,Friendship & Relationships,Friendship & Relationships,Including sister in plans
221,Sweetie Belle,Slice of Life,"Maybe it's just a friendship problem, and it'll all be cleared up in half an hour or so.",Friendship & Relationships,Food & Drink,Friendship & Relationships,Friendship & Relationships,Meta comment about friendship problems
222,Sweetie Belle,Somepony to Watch Over Me,"Why, that sounds delightful!","History, Lore, & Magic",Friendship & Relationships,Friendship & Relationships,Friendship & Relationships,Polite positive response
223,Sweetie Belle,Somepony to Watch Over Me,"Totally. Even though it could change everything for you, forever and ever!",Identity & Personal Growth,Nature & Animals,Identity & Personal Growth,Identity & Personal Growth,About life-changing event
224,Sweetie Belle,Somepony to Watch Over Me,It must've been hours ago.,Food & Drink,Friendship & Relationships,Friendship & Relationships,Friendship & Relationships,Statement about time
225,Sweetie Belle,Stare Master,"Yup. And look. I lined them with this special gold silk. It took sooo long to make, but I think it adds just the right touch, don't you?",Identity & Personal Growth,Identity & Personal Growth,Identity & Personal Growth,Identity & Personal Growth,Showing off craft work; seeking validation
226,Sweetie Belle,Stare Master,And... look what I made us!,Authority & Leadership,Friendship & Relationships,Friendship & Relationships,Friendship & Relationships,Sharing creation with friends
227,Sweetie Belle,Stare Master,"But you could go with us and we could catch those creatures. We could be, umm... creature catchers!",Nature & Animals,Nature & Animals,Nature & Animals,Nature & Animals,Suggesting creature catching activity
228,Sweetie Belle,Stare Master,Who wants a picture of a hammer on their flank anyway?,Identity & Personal Growth,Nature & Animals,Identity & Personal Growth,Identity & Personal Growth,Dismissing potential cutie mark
229,Sweetie Belle,Stare Master,We're sorry we snuck out of the house and into the forest.,"History, Lore, & Magic",Friendship & Relationships,Friendship & Relationships,Friendship & Relationships,Apologizing for misbehavior
230,Sweetie Belle,Stare Master,"Okay, so what kind of crusading do we do next?",Identity & Personal Growth,"History, Lore, & Magic",Identity & Personal Growth,Identity & Personal Growth,CMC purpose discussion
231,Sweetie Belle,Stare Master,"Um, I-I'll just go and stand over there, where I'll be... out of the way.",Identity & Personal Growth,"History, Lore, & Magic",Identity & Personal Growth,Identity & Personal Growth,Feeling unable to contribute
232,Sweetie Belle,Stare Master,Hush now! Quiet now! It's time to lay your sleepy head! Said hush now! Quiet now! It's time to go to bed!,"History, Lore, & Magic",Friendship & Relationships,Friendship & Relationships,Friendship & Relationships,Singing lullaby to help
233,Sweetie Belle,Stare Master,"And, and, and, we, um- yeah! What they said!",Food & Drink,Friendship & Relationships,Friendship & Relationships,Friendship & Relationships,Agreeing with friends
234,Sweetie Belle,Stare Master,Um ... that doesn't look like a table.,Friendship & Relationships,Food & Drink,Friendship & Relationships,Friendship & Relationships,Observing failed attempt
235,Sweetie Belle,Stare Master,Thanks to that stare of yours.,Identity & Personal Growth,Friendship & Relationships,Friendship & Relationships,Friendship & Relationships,Crediting Fluttershy's ability
236,Sweetie Belle,Stare Master,Are you sure I can't help? I could-,Friendship & Relationships,"History, Lore, & Magic",Friendship & Relationships,Friendship & Relationships,Offering to help
237,Sweetie Belle,Stare Master,Cutie Mark Crusader chicken herders! Yay!,Nature & Animals,Nature & Animals,Nature & Animals,Nature & Animals,CMC activity with chickens
238,Sweetie Belle,Stare Master,"Halt, dangerous creature of the Everfree Forest. I am Sweetie Belle, the creature catcher, and I'm here to catch you!",Nature & Animals,Friendship & Relationships,Nature & Animals,Nature & Animals,Roleplaying as creature catcher
239,Sweetie Belle,Surf and/or Turf,Thank goodness that the Cutie Mark Crusaders have begun To give you hope and help you to decide,Friendship & Relationships,Food & Drink,Friendship & Relationships,Friendship & Relationships,Song about CMC helping
240,Sweetie Belle,Surf and/or Turf,"Well, it's obvious, isn't it? Mount Aris is the best of all possible worlds. Pro - it's beautiful. Con - too far from Equestria. I think that pretty much sums it up.",Identity & Personal Growth,Nature & Animals,Nature & Animals,Nature & Animals,Evaluating location features
241,Sweetie Belle,Surf and/or Turf,Woo-hoo! Yeah! Awesome! I love this!,Authority & Leadership,Friendship & Relationships,Friendship & Relationships,Friendship & Relationships,Excitement about activity
242,Sweetie Belle,Surf and/or Turf,Shhh! It's rude to ask a question like that!,Friendship & Relationships,Identity & Personal Growth,Friendship & Relationships,Friendship & Relationships,Correcting social behavior
243,Sweetie Belle,Surf and/or Turf,...we just ended up confusing you more. It's all our fault.,Food & Drink,Friendship & Relationships,Friendship & Relationships,Friendship & Relationships,Admitting fault to someone they're helping
244,Sweetie Belle,Surf and/or Turf,"You really don't need to come with us, Twilight. We can take care of this mission just fine on our own.",Identity & Personal Growth,Nature & Animals,Identity & Personal Growth,Identity & Personal Growth,Asserting independence and capability
245,Sweetie Belle,Surf and/or Turf,"Huh. Not much sunlight down here, is there?",Food & Drink,Nature & Animals,Nature & Animals,Nature & Animals,Observing underwater environment
246,Sweetie Belle,Surf and/or Turf,This is absolutely the best place ever! You are so lucky!,Identity & Personal Growth,Nature & Animals,Nature & Animals,Nature & Animals,Admiring location
247,Sweetie Belle,Surf and/or Turf,Ohhhh. I-I didn't know that.,Friendship & Relationships,Friendship & Relationships,Friendship & Relationships,Friendship & Relationships,Learning new information
248,Sweetie Belle,Surf and/or Turf,We thought we'd get every creature together for a picnic on the beach.,Food & Drink,Authority & Leadership,Food & Drink,Food & Drink,Planning picnic with food
249,Sweetie Belle,Surf and/or Turf,Wow! That's almost... off the table!,Friendship & Relationships,"History, Lore, & Magic",Friendship & Relationships,Friendship & Relationships,Impressed reaction
250,Sweetie Belle,Surf and/or Turf,"I don't know if I'd like being a Hippogriff. Part bird, part pony...",Authority & Leadership,Nature & Animals,Nature & Animals,Nature & Animals,Commenting on hippogriff creature
251,Sweetie Belle,The Break Up Break Down,It seems like everypony's got somepony special but us.,Food & Drink,Friendship & Relationships,Friendship & Relationships,Friendship & Relationships,Feeling left out romantically
252,Sweetie Belle,The Break Up Break Down,"[chomp] [reading] ""Happy Hearts and Hooves Day, Sugar Belle. Meet me-""",Friendship & Relationships,Friendship & Relationships,Friendship & Relationships,Friendship & Relationships,Reading romantic note
253,Sweetie Belle,The Break Up Break Down,"Oh, it's funny. I've been sitting here feeling sorry for myself for not having a special pony on Hearts and Hooves Day. But remembering all the fun we had, I think I have two special ponies - my two best friends.",Friendship & Relationships,Nature & Animals,Friendship & Relationships,Friendship & Relationships,Valuing friendship over romance
254,Sweetie Belle,The Break Up Break Down,"[to Snips and Snails] Happy Hearts and Hooves Day! Did you boys happen to send any packages to me recently? It's okay to say no! I won't be offended! [whispering] Please say no, please say no, please say no.",Friendship & Relationships,Food & Drink,Friendship & Relationships,Friendship & Relationships,Awkward romantic inquiry
255,Sweetie Belle,The Break Up Break Down,But we worked so hard on this chart. I think we've almost cracked it. If you could just-,Friendship & Relationships,Friendship & Relationships,Friendship & Relationships,Friendship & Relationships,Trying to continue investigation
256,Sweetie Belle,The Cart Before the Ponies,Doesn't look like any of us ended up with what we wanted.,Friendship & Relationships,Friendship & Relationships,Friendship & Relationships,Friendship & Relationships,Shared disappointment with friends
257,Sweetie Belle,The Cart Before the Ponies,"Um, Miss Cheerilee? That sounds a bit over our heads.","History, Lore, & Magic",Friendship & Relationships,Identity & Personal Growth,Identity & Personal Growth,Acknowledging limitations
258,Sweetie Belle,The Cart Before the Ponies,"First they built the carts, now they're gonna drive them?!",Friendship & Relationships,Friendship & Relationships,Friendship & Relationships,Friendship & Relationships,Frustration about adults taking over
259,Sweetie Belle,The Cart Before the Ponies,"I'm sure they meant ""our"" carts. Like, the team cart, right?",Friendship & Relationships,Friendship & Relationships,Friendship & Relationships,Friendship & Relationships,Hoping for collaborative project
260,Sweetie Belle,The Cart Before the Ponies,Wow! Have you seen what the carts used to look like in the olden days?,"History, Lore, & Magic",Food & Drink,"History, Lore, & Magic","History, Lore, & Magic",Interest in historical cart designs
261,Sweetie Belle,The Cart Before the Ponies,Sure! The race is the best part!,Friendship & Relationships,Authority & Leadership,Friendship & Relationships,Friendship & Relationships,Enthusiasm about shared activity
262,Sweetie Belle,The Cart Before the Ponies,And I can win the award for most traditional!,Identity & Personal Growth,Identity & Personal Growth,Identity & Personal Growth,Identity & Personal Growth,Personal goal for competition
263,Sweetie Belle,The Cart Before the Ponies,"The Derby was supposed to be for us, not the three of you! Now you've ruined it for everypony!",Authority & Leadership,Friendship & Relationships,Friendship & Relationships,Friendship & Relationships,Confronting adults about taking over
264,Sweetie Belle,The Cart Before the Ponies,You? Second in most creative? To whom?!,Friendship & Relationships,Identity & Personal Growth,Friendship & Relationships,Friendship & Relationships,Indignant response about competition
265,Sweetie Belle,The Cart Before the Ponies,"Well, it doesn't have to be yellow. But I really do love the old-timey style. Like this.","History, Lore, & Magic",Friendship & Relationships,"History, Lore, & Magic","History, Lore, & Magic",Preference for traditional/historical style
266,Sweetie Belle,The Cutie Mark Chronicles,"Maybe we should do something less dangerous, like pillow testing or flower sniffing.",Food & Drink,Friendship & Relationships,Friendship & Relationships,Friendship & Relationships,Suggesting safer activities for friends
267,Sweetie Belle,The Cutie Mark Chronicles,"Oh, come on. She's just being Pinkie Pie.",Food & Drink,Friendship & Relationships,Friendship & Relationships,Friendship & Relationships,Accepting friend's quirky behavior
268,Sweetie Belle,The Cutie Mark Chronicles,"[gulp] Are you sure about this, Scootaloo? I've never even heard of a pony zip lining before.",Friendship & Relationships,Food & Drink,Friendship & Relationships,Friendship & Relationships,Concern for friend's safety
269,Sweetie Belle,The Cutie Mark Chronicles,"We're happy for you, Twilight.",Nature & Animals,Friendship & Relationships,Friendship & Relationships,Friendship & Relationships,Expressing happiness for Twilight
270,Sweetie Belle,The Cutie Pox,The Bowling Dolls! That's it!,"History, Lore, & Magic",Friendship & Relationships,Friendship & Relationships,Friendship & Relationships,CMC naming idea
271,Sweetie Belle,The Cutie Pox,Yeah! So what if your talent is potion making?,Friendship & Relationships,Identity & Personal Growth,Identity & Personal Growth,Identity & Personal Growth,Supporting friend's potential talent
272,Sweetie Belle,The Cutie Pox,"You're too kind, Apple Bloom.",Friendship & Relationships,Friendship & Relationships,Friendship & Relationships,Friendship & Relationships,Responding to compliment
273,Sweetie Belle,The Cutie Pox,"[muffled] Whooo! [spits out bag] I mean, yaay!",Friendship & Relationships,"History, Lore, & Magic",Friendship & Relationships,Friendship & Relationships,Celebratory reaction
274,Sweetie Belle,The Cutie Pox,A treat from Sugarcube Corner will cheer you up.,Food & Drink,Authority & Leadership,Food & Drink,Food & Drink,Suggesting food to help friend
275,Sweetie Belle,The Fault in Our Cutie Marks,Guess we'll never know for sure unless we give it a try.,Nature & Animals,Friendship & Relationships,Friendship & Relationships,Friendship & Relationships,Encouraging trying to help
276,Sweetie Belle,The Fault in Our Cutie Marks,Aaaaand... she's off again.,Food & Drink,Friendship & Relationships,Friendship & Relationships,Friendship & Relationships,Observing friend's behavior
277,Sweetie Belle,The Fault in Our Cutie Marks,We just can't figure out what one thing you're supposed to do.,"History, Lore, & Magic",Identity & Personal Growth,Identity & Personal Growth,Identity & Personal Growth,About finding singular purpose
278,Sweetie Belle,The Fault in Our Cutie Marks,I thought we could help anypony.,Identity & Personal Growth,Food & Drink,Identity & Personal Growth,Identity & Personal Growth,Questioning CMC limitations
279,Sweetie Belle,The Fault in Our Cutie Marks,"But since we are the Cutie Mark Crusaders, we made you one anyway. Behold!",Friendship & Relationships,Authority & Leadership,Friendship & Relationships,Friendship & Relationships,Giving gift to friend; CMC identity
280,Sweetie Belle,The Fault in Our Cutie Marks,"Um, I think maybe that could've been clearer.","History, Lore, & Magic",Friendship & Relationships,Friendship & Relationships,Friendship & Relationships,Gentle criticism
281,Sweetie Belle,The Fault in Our Cutie Marks,Excited? But whatever for?,Friendship & Relationships,Friendship & Relationships,Friendship & Relationships,Friendship & Relationships,Questioning excitement
282,Sweetie Belle,The Fault in Our Cutie Marks,"Though I'm pretty sure it doesn't happen to griffons. Or if it does, we've never ever heard of it.","History, Lore, & Magic","History, Lore, & Magic","History, Lore, & Magic","History, Lore, & Magic",Knowledge about cutie mark rules for species
283,Sweetie Belle,The Fault in Our Cutie Marks,"Gabby, we're your friends. Why in Equestria are you running away from us?",Nature & Animals,Friendship & Relationships,Friendship & Relationships,Friendship & Relationships,Expressing friendship and concern
284,Sweetie Belle,The Fault in Our Cutie Marks,Or how about singing? I just love to sing! La-la-la-la!,Identity & Personal Growth,Identity & Personal Growth,Identity & Personal Growth,Identity & Personal Growth,Suggesting talent; expressing love of singing
285,Sweetie Belle,The Fault in Our Cutie Marks,"Crusaders, this is terrible! Gabby really believed in us. And now, we're gonna let her down.",Friendship & Relationships,Friendship & Relationships,Friendship & Relationships,Friendship & Relationships,Concern about disappointing someone
286,Sweetie Belle,The Fault in Our Cutie Marks,"Now, Scootaloo, you do know there will always be challenges? Someday, somepony might even come to us with a problem that even we can't handle. Like, say...",Friendship & Relationships,Friendship & Relationships,Friendship & Relationships,Friendship & Relationships,Preparing friend for challenges
287,Sweetie Belle,The Fault in Our Cutie Marks,So Scootaloo's keeping Petunia busy like you asked. What did you two want to talk about?,Authority & Leadership,Friendship & Relationships,Friendship & Relationships,Friendship & Relationships,CMC coordination
288,Sweetie Belle,The One Where Pinkie Pie Knows,Heard any good gossip today?,Food & Drink,Friendship & Relationships,Friendship & Relationships,Friendship & Relationships,Casual question to friend
289,Sweetie Belle,The Show Stoppers,Then it's settled! Let's get started.,Identity & Personal Growth,Friendship & Relationships,Friendship & Relationships,Friendship & Relationships,Moving forward with friends
290,Sweetie Belle,The Show Stoppers,You know what would be the best? If we won and we got our cutie marks.,Authority & Leadership,Identity & Personal Growth,Identity & Personal Growth,Identity & Personal Growth,Hoping for cutie marks from winning
291,Sweetie Belle,The Show Stoppers,They all say that you will get your mark When the time is really right,"History, Lore, & Magic",Identity & Personal Growth,Identity & Personal Growth,Identity & Personal Growth,Song lyrics about cutie marks
292,Sweetie Belle,The Show Stoppers,There? Where? What? I don't even know what we're doing.,Friendship & Relationships,Identity & Personal Growth,Friendship & Relationships,Friendship & Relationships,Confused about group plan
293,Sweetie Belle,The Show Stoppers,"Oh, it can't be that bad. ""With our cutie marks we'll rock Equestria. We use our stomachs to... digestia""? Umm... Well... These are... um... good, but... How about after ""we fight the fight""... There is nothing that we fear We'll have to figure out what we'll do next 'Til our cutie marks are here",Identity & Personal Growth,"History, Lore, & Magic",Identity & Personal Growth,Identity & Personal Growth,Working on CMC song lyrics
294,Sweetie Belle,The Show Stoppers,"Come back! Come back! Uh. Dumb fabric. Hey, Scoot! How's the song going?",Friendship & Relationships,Friendship & Relationships,Friendship & Relationships,Friendship & Relationships,Checking on friend's progress
295,Sweetie Belle,The Show Stoppers,"What? No way I'm singing in front of a crowd. Twilight said to do something we like to do, and I'd like to be like my big sister, and she's a designer.",Nature & Animals,Identity & Personal Growth,Identity & Personal Growth,Identity & Personal Growth,Expressing desire to be like sister; avoiding singing
296,Sweetie Belle,The Show Stoppers,"No, no, no. You see, in the theater it's considered bad luck to say ""good luck"". So you say ""break a leg"" instead.","History, Lore, & Magic",Authority & Leadership,Friendship & Relationships,"History, Lore, & Magic",Explaining theater tradition/lore
297,Sweetie Belle,The Show Stoppers,[moan] I'll never be a designer like my sister Rarity.,"History, Lore, & Magic",Identity & Personal Growth,Identity & Personal Growth,Identity & Personal Growth,Self-doubt; comparing self to sister
298,Sweetie Belle,The Show Stoppers,I've never been here before.,Food & Drink,Friendship & Relationships,Friendship & Relationships,Friendship & Relationships,New experience with friends
299,Sweetie Belle,The Show Stoppers,Me too. You think we're ready?,Friendship & Relationships,Identity & Personal Growth,Friendship & Relationships,Friendship & Relationships,Checking readiness with friends
300,Sweetie Belle,The Show Stoppers,"Yeah. Instructions on how to use six wooden planks, four-by-eight plywood, a box of nails, four cans of paint, and four brushes.",Friendship & Relationships,Identity & Personal Growth,Friendship & Relationships,Friendship & Relationships,Reading instructions with friends
301,Sweetie Belle,The Show Stoppers,Me too. Um... so what are we doing again?,Authority & Leadership,Friendship & Relationships,Friendship & Relationships,Friendship & Relationships,Confused about group plan
302,Sweetie Belle,Twilight Time,"Oh, we're gonna look sad all right...",Friendship & Relationships,Nature & Animals,Friendship & Relationships,Friendship & Relationships,Shared sentiment with friends
303,Sweetie Belle,Twilight Time,This way! I know a shortcut!,Identity & Personal Growth,Friendship & Relationships,Friendship & Relationships,Friendship & Relationships,Guiding friends
304,Sweetie Belle,Twilight Time,"Oh, yeah?! Well, I don't have to go all the way to Manehattan to hang out with the famous and super-cool ponies! Me and my friends hang out with Princess Twilight all the time!",Nature & Animals,Friendship & Relationships,Friendship & Relationships,Friendship & Relationships,Bragging about friendship with Twilight
305,Sweetie Belle,Twilight Time,[gasps] [out of breath] We... made... it... Quick! Knock on-,Nature & Animals,Friendship & Relationships,Friendship & Relationships,Friendship & Relationships,Urgency with friends
306,Sweetie Belle,Twilight Time,"Um... a-actually, no. We didn't have a chance to ask Twilight, so-",Friendship & Relationships,"History, Lore, & Magic",Friendship & Relationships,Friendship & Relationships,Explaining situation
307,Sweetie Belle,Twilight Time,What's tricky about inviting Twilight out for a meal thanking her for all the nice things she's done for us? Seems like the least we can do for the princess!,Friendship & Relationships,Identity & Personal Growth,Friendship & Relationships,Friendship & Relationships,Planning to thank Twilight
308,Sweetie Belle,Twilight Time,Okay! But stay out of sight!,Friendship & Relationships,Nature & Animals,Friendship & Relationships,Friendship & Relationships,Giving instruction to others
309,Sweetie Belle,Twilight Time,But don't you get it? They'll have to learn something too!,Friendship & Relationships,Friendship & Relationships,Friendship & Relationships,Friendship & Relationships,Explaining plan to friends
310,Sweetie Belle,Twilight Time,"When I told you when you could come eyeball the princess at one of her favorite hangouts, I said only two or three of you, tops!",Identity & Personal Growth,Friendship & Relationships,Friendship & Relationships,Friendship & Relationships,Upset about broken agreement
311,Sweetie Belle,Twilight Time,"Apple Bloom doesn't have her apple seed with her, so she'll just grab an apple from the kitchen. And I will begin by using my magic to lift this broom!","History, Lore, & Magic",Friendship & Relationships,Identity & Personal Growth,"History, Lore, & Magic","Demonstrating magic ability, fit more within Magic topic"
312,Sweetie Belle,Twilight Time,"I guess Twilight must not be so super-upset anymore, 'cause she's letting us do a diary entry like our sisters do. Boy, did we get our priorities messed up. We started acting special because we were friends with someone special. We almost forgot the real reason she's special - because she's our friend. But she forgave us, and, like magic, things are good as new! That's the kind of magic I really want to get good at, now that I'm getting so good at the other kind.","History, Lore, & Magic",Friendship & Relationships,Friendship & Relationships,Friendship & Relationships,Diary reflection on friendship lesson learned
313,Sweetie Belle,Twilight Time,"Hey, come to think of it, if we get really good at the stuff Twilight's teaching us, we could be the big shots around here for a change! Hmm...",Friendship & Relationships,Identity & Personal Growth,Identity & Personal Growth,Identity & Personal Growth,Wanting recognition and status
314,Sweetie Belle,Twilight Time,Nope. Ready to give it a shot!,Identity & Personal Growth,Food & Drink,Identity & Personal Growth,Identity & Personal Growth,Confidence about trying
315,Sweetie Belle,Twilight Time,"Unfortunately, since we don't have Scootaloo's unicycle parts, she'll take apart and put back together one of the scooters from outside.",Identity & Personal Growth,Friendship & Relationships,Friendship & Relationships,Friendship & Relationships,Adapting plan for demonstration
316,Sweetie Belle,Twilight Time,We wanted our time together just as a way to be with you and learn new things. Really and truly!,"History, Lore, & Magic",Friendship & Relationships,Friendship & Relationships,Friendship & Relationships,Valuing friendship with Twilight
317,Sweetie Belle,Twilight Time,Of awesome! Don't you see? We're really and truly and certifiably the biggest of the big shots in school right now!,"History, Lore, & Magic",Identity & Personal Growth,Identity & Personal Growth,Identity & Personal Growth,Excitement about social status
318,Sweetie Belle,Twilight Time,"Now remember, Twilight takes this time out with us so we can learn stuff.",Friendship & Relationships,Nature & Animals,Friendship & Relationships,Friendship & Relationships,Reminding about purpose of meetings
319,Sweetie Belle,Twilight Time,"They all think we're the greatest, because we're their ticket to get time with Ponyville's newest and biggest celebrity, Princess Twilight!",Identity & Personal Growth,Identity & Personal Growth,Identity & Personal Growth,Identity & Personal Growth,Realizing they're being used for access
